human_symbol	dog_symbol	orthology_type	human_logFC	human_adj.P	human_is_sig_strict	human_dir_strict	human_is_sig_broad	human_dir_broad	dog_logFC	dog_adj.P	dog_is_sig_strict	dog_dir_strict	dog_is_sig_broad	dog_dir_broad
SEC14L2	SEC14L2	ortholog_one2one	-1.3408218052424257	1.1112015601336072e-45	FALSE	nonsig	TRUE	down	-0.636679173913043	2.5092980021030483e-6	FALSE	nonsig	TRUE	down
CCNB3	CCNB3	ortholog_one2one	1.1026918017818197	6.49870703805366e-38	FALSE	nonsig	TRUE	up	1.6190350217391305	4.885036823607635e-6	TRUE	up	TRUE	up
GGTLC2	GGT1	ortholog_one2many	-1.2411993107878805	3.43140920828945e-39	FALSE	nonsig	TRUE	down	-1.4301137826086954	7.615337893781975e-4	TRUE	down	TRUE	down
KCTD1	KCTD1	ortholog_one2one	-1.589264716833335	1.1808422300030912e-38	TRUE	down	TRUE	down	-0.5369528913043475	5.9621758092157257e-5	FALSE	nonsig	TRUE	down
THAP10	THAP10	ortholog_one2one	1.9823388166000024	5.2751482167747135e-36	TRUE	up	TRUE	up	0.7014772608695659	0.00247310529096814	FALSE	nonsig	TRUE	up
DKK4	DKK4	ortholog_one2one	-1.1813345897030312	2.5352378863898988e-37	FALSE	nonsig	TRUE	down	-0.8322583913043479	2.488159939457222e-4	FALSE	nonsig	TRUE	down
FRMPD1	FRMPD1	ortholog_one2one	-1.5698717753030318	1.1925754512573846e-44	TRUE	down	TRUE	down	-1.6614478260869563	2.4782372783709357e-7	TRUE	down	TRUE	down
PGLYRP1	PGLYRP1	ortholog_one2one	-1.5190915395030316	2.3096748635229293e-46	TRUE	down	TRUE	down	-1.2044940869565222	0.02946058220462692	TRUE	down	TRUE	down
FABP2	FABP2	ortholog_one2one	-2.078234584103032	7.020299411518255e-61	TRUE	down	TRUE	down	-3.999793260869566	3.2199292172144033e-4	TRUE	down	TRUE	down
SLC25A31	SLC25A31	ortholog_one2one	1.064550066587879	1.288466743433238e-51	FALSE	nonsig	TRUE	up	0.8632455652173916	2.1463042205536335e-5	FALSE	nonsig	TRUE	up
MYOM1	MYOM1	ortholog_one2one	-2.498419855654547	8.811519011533542e-40	TRUE	down	TRUE	down	-2.177554869565218	1.4728674874607917e-6	TRUE	down	TRUE	down
HTR7	HTR7	ortholog_one2one	-1.3208915691212135	3.2273437534396143e-47	FALSE	nonsig	TRUE	down	-0.5075272391304348	0.09992464575691087	FALSE	nonsig	TRUE	down
FBN1	FBN1	ortholog_one2one	4.290120238739398	3.913052156076131e-34	TRUE	up	TRUE	up	0.5769096413043483	0.03954187232436966	FALSE	nonsig	TRUE	up
ZNF550	ZNF550	ortholog_one2one	-2.2075373668909113	3.5004843361204066e-37	TRUE	down	TRUE	down	-0.6492998043478257	1.540445283735598e-5	FALSE	nonsig	TRUE	down
FOXP3	FOXP3	ortholog_one2one	-1.646661044048486	1.019947804200309e-38	TRUE	down	TRUE	down	-1.5172837391304348	5.594020801519044e-9	TRUE	down	TRUE	down
RND1	RND1	ortholog_one2one	1.723838463739396	1.4002550488488836e-42	TRUE	up	TRUE	up	1.350518173913044	2.6548901584709397e-5	TRUE	up	TRUE	up
TMEM167A	TMEM167A	ortholog_one2one	2.04344774577273	6.019655079387308e-33	TRUE	up	TRUE	up	0.6576908695652188	9.769921125711357e-8	FALSE	nonsig	TRUE	up
PLEK2	PLEK2	ortholog_one2one	2.0974674476969715	5.3782958007261036e-46	TRUE	up	TRUE	up	1.3698521304347828	7.282764142144518e-4	TRUE	up	TRUE	up
PTMS	PTMS	ortholog_one2one	-3.8791895848060647	1.6911926660972465e-63	TRUE	down	TRUE	down	-0.5625107717391304	0.00121444696933939	FALSE	nonsig	TRUE	down
EPB41L1	EPB41L1	ortholog_one2one	-1.255376399012123	2.898266694120613e-33	FALSE	nonsig	TRUE	down	-0.7755920217391304	4.417871182508309e-7	FALSE	nonsig	TRUE	down
GGT1	GGT1	ortholog_one2many	-1.262837819969698	1.4201428730881057e-37	FALSE	nonsig	TRUE	down	-1.4301137826086954	7.615337893781975e-4	TRUE	down	TRUE	down
TDO2	TDO2	ortholog_one2one	2.1623126795666683	1.7812680144362726e-34	TRUE	up	TRUE	up	1.3026288985507255	3.304857912302824e-4	TRUE	up	TRUE	up
TMEM156	TMEM156	ortholog_one2one	-3.287078049381821	3.850013668529771e-35	TRUE	down	TRUE	down	-0.54181652173913	0.01007730189584461	FALSE	nonsig	TRUE	down
SYCE1	SYCE1	ortholog_one2one	-1.6815596986969716	5.552947619937246e-53	TRUE	down	TRUE	down	-0.9341969420289856	6.07173965107053e-5	FALSE	nonsig	TRUE	down
SASS6	SASS6	ortholog_one2one	2.5508191986909123	1.917601933784817e-40	TRUE	up	TRUE	up	1.0762019130434783	6.994930852104013e-9	TRUE	up	TRUE	up
ZNF483	ZNF483	ortholog_one2one	-2.0815073065818197	3.254379630093181e-60	TRUE	down	TRUE	down	-1.0423346086956518	3.26362605367129e-8	TRUE	down	TRUE	down
DLX5	DLX5	ortholog_one2one	-1.2935350256303046	3.105235577560319e-40	FALSE	nonsig	TRUE	down	-0.5181358260869562	0.00692564472749336	FALSE	nonsig	TRUE	down
ABCA4	ABCA4	ortholog_one2one	-1.0386863704636382	3.289787535399113e-43	FALSE	nonsig	TRUE	down	-1.1120975	3.443215223868011e-5	TRUE	down	TRUE	down
YWHAG	YWHAG	ortholog_one2one	1.680596865575759	6.013922607193475e-33	TRUE	up	TRUE	up	0.5906300217391308	1.914172019700396e-4	FALSE	nonsig	TRUE	up
TEKT3	TEKT3	ortholog_one2one	-1.614962727660608	6.6171783920815876e-46	TRUE	down	TRUE	down	-0.8465302608695648	0.00372896051030945	FALSE	nonsig	TRUE	down
APOA1	APOA1	ortholog_one2one	-1.961528257430305	2.9076772877756415e-58	TRUE	down	TRUE	down	-0.6264641739130428	0.0010838438123141	FALSE	nonsig	TRUE	down
ARL3	ARL3	ortholog_one2one	-1.401227889539395	9.213062220677717e-48	FALSE	nonsig	TRUE	down	-0.5547041086956518	1.1220800736705256e-4	FALSE	nonsig	TRUE	down
MTHFD1	MTHFD1	ortholog_one2many	3.315738315993943	4.381849511201826e-41	TRUE	up	TRUE	up	0.9655695000000002	4.2630227170137706e-8	FALSE	nonsig	TRUE	up
CALML6	CALML6	ortholog_one2one	-1.5003966891030327	9.395841460696472e-36	TRUE	down	TRUE	down	-0.91436156521739	3.895813713422237e-4	FALSE	nonsig	TRUE	down
CBLC	CBLC	ortholog_one2one	-1.4313441688181834	6.316606443990053e-43	FALSE	nonsig	TRUE	down	-1.1684570869565216	1.427597364861068e-4	TRUE	down	TRUE	down
TNFRSF4	TNFRSF4	ortholog_one2one	-1.9802824294727297	9.80698103198263e-37	TRUE	down	TRUE	down	-1.9588045217391308	1.130820111821847e-9	TRUE	down	TRUE	down
HOXA4	HOXA4	ortholog_one2one	-1.3065376441272745	1.4500583719999248e-32	FALSE	nonsig	TRUE	down	-1.4870246521739123	1.2509518331497682e-7	TRUE	down	TRUE	down
HGFAC	HGFAC	ortholog_one2one	-2.8470459609515184	2.620400491702818e-72	TRUE	down	TRUE	down	-1.2351999130434774	7.231465176690462e-5	TRUE	down	TRUE	down
SLC39A8	SLC39A8	ortholog_one2one	-3.027093340948488	1.675660712416086e-33	TRUE	down	TRUE	down	-0.5211019130434785	0.02800253989900744	FALSE	nonsig	TRUE	down
TMEM61	TMEM61	ortholog_one2one	-1.141267777272728	7.906955610608465e-38	FALSE	nonsig	TRUE	down	-0.654087565217391	0.00511004207804079	FALSE	nonsig	TRUE	down
COL4A3	COL4A3	ortholog_one2one	-2.495258035654549	2.473590996103146e-36	TRUE	down	TRUE	down	-0.6944318043478264	2.1820772772687325e-4	FALSE	nonsig	TRUE	down
CPT1C	CPT1C	ortholog_one2one	-1.7145511077272744	7.523852923280663e-44	TRUE	down	TRUE	down	-1.3649447173913036	7.682973986515774e-5	TRUE	down	TRUE	down
CPEB3	CPEB3	ortholog_one2one	-2.2538970001030325	5.280613479399584e-38	TRUE	down	TRUE	down	-0.5295093478260866	1.862494550945626e-6	FALSE	nonsig	TRUE	down
CYP3A43	CYP3A26	ortholog_many2many	-1.1232062742515163	1.2471583966954256e-44	FALSE	nonsig	TRUE	down	-3.028574347826088	0.00870936518594887	TRUE	down	TRUE	down
CHAC2	CHAC2	ortholog_one2one	3.883986526296973	2.098524971141964e-34	TRUE	up	TRUE	up	0.7117490000000005	9.468791830144254e-6	FALSE	nonsig	TRUE	up
PRICKLE3	PRICKLE3	ortholog_one2one	-2.1119975516303047	9.425934949910616e-36	TRUE	down	TRUE	down	-0.6777149999999995	3.522750965719152e-4	FALSE	nonsig	TRUE	down
ZNF205	ZNF205	ortholog_one2one	-1.600071689945456	2.436692455229545e-40	TRUE	down	TRUE	down	-0.8824469565217388	2.8098934213129547e-6	FALSE	nonsig	TRUE	down
MAP3K1	MAP3K1	ortholog_one2one	-2.4244497766030326	2.3171008326337677e-35	TRUE	down	TRUE	down	-0.5002514637681158	0.00309121261138303	FALSE	nonsig	TRUE	down
RGS10	RGS10	ortholog_one2one	-2.398529412618184	1.0292146443722547e-33	TRUE	down	TRUE	down	-1.754449999999999	2.8189926323765856e-8	TRUE	down	TRUE	down
KLHL24	KLHL24	ortholog_one2one	-2.8322612960363656	2.0798930241573305e-35	TRUE	down	TRUE	down	-0.5356872826086948	0.02035005788877026	FALSE	nonsig	TRUE	down
VAMP2	VAMP2	ortholog_one2one	-4.381690451642429	1.740030382682266e-56	TRUE	down	TRUE	down	-0.5822084782608692	9.028039409885051e-5	FALSE	nonsig	TRUE	down
SNCG	SNCG	ortholog_one2one	-2.272468361175761	5.018378359803087e-65	TRUE	down	TRUE	down	-1.1638873913043473	4.2064112414291546e-7	TRUE	down	TRUE	down
ITGA9	ITGA9	ortholog_one2one	-1.0591113732939412	6.002641327402482e-40	FALSE	nonsig	TRUE	down	-0.9458765217391306	1.702123479549248e-5	FALSE	nonsig	TRUE	down
MRPS35	MRPS35	ortholog_one2one	3.3270725782666695	2.6681790685300656e-50	TRUE	up	TRUE	up	0.7477651521739137	1.4037575942324463e-6	FALSE	nonsig	TRUE	up
LIX1L	LIX1L	ortholog_one2one	-2.464430149557577	5.551078490700486e-45	TRUE	down	TRUE	down	-0.5531799565217389	0.00161224937430335	FALSE	nonsig	TRUE	down
RHBDL2	RHBDL2	ortholog_one2one	-1.622241029321214	7.359676451202358e-34	TRUE	down	TRUE	down	-0.8420370869565207	0.00600597994689076	FALSE	nonsig	TRUE	down
SLC16A11	SLC16A11	ortholog_one2one	-2.4061414337060634	2.3368632829017945e-72	TRUE	down	TRUE	down	-1.069826304347826	6.131124815325551e-4	TRUE	down	TRUE	down
ATG4D	ATG4D	ortholog_one2one	-2.6525512158303055	7.681105654316342e-47	TRUE	down	TRUE	down	-0.8108747391304341	1.0792110706706083e-5	FALSE	nonsig	TRUE	down
MYCN	MYCN	ortholog_one2one	-1.0284859891151528	1.524297230533594e-39	FALSE	nonsig	TRUE	down	-0.7931688913043476	7.315554843395882e-4	FALSE	nonsig	TRUE	down
RND2	RND2	ortholog_one2one	-1.3150134124575767	2.5178700888665187e-44	FALSE	nonsig	TRUE	down	-1.381819869565217	5.4360877625038455e-6	TRUE	down	TRUE	down
VWA5B2	VWA5B2	ortholog_one2one	-1.4997138407030322	9.026880888020228e-51	FALSE	nonsig	TRUE	down	-0.570853782608695	2.135717826494043e-7	FALSE	nonsig	TRUE	down
THRA	THRA	ortholog_one2one	-1.244787567639395	6.635518505569707e-41	FALSE	nonsig	TRUE	down	-0.6186479565217384	8.379253523151248e-8	FALSE	nonsig	TRUE	down
HPN	HPN	ortholog_one2one	-1.2885532464848497	3.8011895875468525e-40	FALSE	nonsig	TRUE	down	-0.8732776956521735	0.0049970440320110596	FALSE	nonsig	TRUE	down
EPB41	EPB41	ortholog_one2one	-4.764517701390915	3.519008360894152e-81	TRUE	down	TRUE	down	-0.6085265869565212	0.00216872175207303	FALSE	nonsig	TRUE	down
ZNF514	ZNF514	ortholog_one2one	-3.084890817224245	1.9422724945992382e-38	TRUE	down	TRUE	down	-0.6624288695652168	6.167733248638811e-5	FALSE	nonsig	TRUE	down
TMEM17	TMEM17	ortholog_one2one	2.56439240557576	1.9647892349517202e-48	TRUE	up	TRUE	up	0.7684638115942029	0.00217130291142845	FALSE	nonsig	TRUE	up
PPA1	PPA1	ortholog_one2many	2.0548217044242447	1.940317160844507e-34	TRUE	up	TRUE	up	0.88359927536232	2.799305034634251e-5	FALSE	nonsig	TRUE	up
ABCA8	ABCA8	ortholog_one2one	-1.202468548260608	2.5501701646362566e-41	FALSE	nonsig	TRUE	down	-1.5010670434782607	0.00873450323686039	TRUE	down	TRUE	down
ITGB4	ITGB4	ortholog_one2one	-2.003395533600002	1.0928360115105674e-52	TRUE	down	TRUE	down	-1.1379983695652185	5.3613715001420816e-8	TRUE	down	TRUE	down
DDB1	DDB1	ortholog_one2one	3.362672291339396	1.170353107240601e-67	TRUE	up	TRUE	up	0.5132249782608693	6.701343223441309e-7	FALSE	nonsig	TRUE	up
ADAMTSL5	ADAMTSL5	ortholog_one2one	-1.087643104648487	3.651337628869734e-33	FALSE	nonsig	TRUE	down	-0.5286002173913039	7.890576279094805e-7	FALSE	nonsig	TRUE	down
USHBP1	USHBP1	ortholog_one2one	-1.2286728901212136	8.703371951438976e-44	FALSE	nonsig	TRUE	down	-0.8366893913043473	2.3511127038619824e-8	FALSE	nonsig	TRUE	down
ZNF709	ZNF791	ortholog_one2many	-1.5254451996484868	1.1445780030666761e-41	TRUE	down	TRUE	down	-1.5364297826086952	6.0916355776385055e-5	TRUE	down	TRUE	down
SGCA	SGCA	ortholog_one2one	-2.109113147454547	1.976021614997442e-44	TRUE	down	TRUE	down	-1.071680942028985	4.495754839968066e-6	TRUE	down	TRUE	down
MYH11	MYH11	ortholog_one2one	-2.8584073157515184	2.4783590521032374e-48	TRUE	down	TRUE	down	-1.1462050543478255	4.4801516681780334e-5	TRUE	down	TRUE	down
DDX21	DDX21	ortholog_one2one	1.854199177687881	2.728870735674866e-32	TRUE	up	TRUE	up	1.1588570000000007	3.75833211507663e-7	TRUE	up	TRUE	up
PTH1R	PTH1R	ortholog_one2one	-1.4461637848787892	5.916263894958817e-48	FALSE	nonsig	TRUE	down	-1.4104458260869566	2.0018348050291544e-7	TRUE	down	TRUE	down
ANAPC13	ANAPC13	ortholog_one2one	1.5535196388030317	1.4040112567272469e-34	TRUE	up	TRUE	up	0.5707771594202903	6.353009896290506e-5	FALSE	nonsig	TRUE	up
LRIG1	LRIG1	ortholog_one2one	-3.677378972430306	2.5372675225816207e-50	TRUE	down	TRUE	down	-0.6214399565217392	1.3369430323839826e-7	FALSE	nonsig	TRUE	down
CCL24	CCL24	ortholog_one2one	-1.7257876199212143	1.023290447456716e-51	TRUE	down	TRUE	down	-1.5849937826086948	0.00181557522692094	TRUE	down	TRUE	down
MYD88	MYD88	ortholog_one2one	2.60663762409091	2.0693449012460892e-37	TRUE	up	TRUE	up	0.6581781594202909	8.569074813897972e-7	FALSE	nonsig	TRUE	up
NTRK1	NTRK1	ortholog_one2one	-1.4058742340121226	1.9834886657909007e-43	FALSE	nonsig	TRUE	down	-0.7024876086956519	0.00425153933610482	FALSE	nonsig	TRUE	down
FN1	FN1	ortholog_one2one	6.18044112214546	3.3735439151366026e-37	TRUE	up	TRUE	up	0.5441224347826091	0.02546022134425848	FALSE	nonsig	TRUE	up
MAPRE3	MAPRE3	ortholog_one2one	-1.195347227351516	3.097470223801324e-36	FALSE	nonsig	TRUE	down	-1.1441213695652166	7.254285661673506e-10	TRUE	down	TRUE	down
ANGPTL1	ANGPTL1	ortholog_one2one	-3.822630994751521	1.4082769684245642e-53	TRUE	down	TRUE	down	-1.361217326086957	1.6298640429011217e-5	TRUE	down	TRUE	down
LRRC40	LRRC40	ortholog_one2one	1.538887582845457	5.590358500546011e-32	TRUE	up	TRUE	up	1.0838102173913042	1.0060035291216545e-7	TRUE	up	TRUE	up
DNMT3L	DNMT3L	ortholog_one2one	-1.325706377218183	1.6973202561354936e-27	FALSE	nonsig	TRUE	down	-0.5139441304347827	7.523134698436568e-5	FALSE	nonsig	TRUE	down
BTBD3	BTBD3	ortholog_one2one	2.6413846870181845	1.0024899708195938e-26	TRUE	up	TRUE	up	1.1180889565217391	0.00332499163610704	TRUE	up	TRUE	up
EBF4	EBF4	ortholog_one2one	-1.1577828915393948	5.885519906381046e-32	FALSE	nonsig	TRUE	down	-0.8211156086956517	1.726682250947657e-6	FALSE	nonsig	TRUE	down
YPEL1	YPEL1	ortholog_one2one	-2.2854077029636386	2.7365269651316907e-28	TRUE	down	TRUE	down	-0.5524259782608693	0.01759611725480796	FALSE	nonsig	TRUE	down
METTL4	METTL4	ortholog_one2one	1.3547913955393944	6.473127008310003e-24	FALSE	nonsig	TRUE	up	0.6616666739130438	2.562529333223015e-5	FALSE	nonsig	TRUE	up
SLC31A2	SLC31A2	ortholog_one2one	2.247981178587881	4.4487871575773525e-21	TRUE	up	TRUE	up	0.5598281086956522	0.01831605015227282	FALSE	nonsig	TRUE	up
PFKL	PFKL	ortholog_one2one	1.06335036139091	8.519580498387775e-20	FALSE	nonsig	TRUE	up	0.8221432391304353	0.00198982826882652	FALSE	nonsig	TRUE	up
TNFAIP8	TNFAIP8	ortholog_one2one	1.2351709162000015	4.644265245069769e-19	FALSE	nonsig	TRUE	up	0.5761465652173917	5.109064852644107e-5	FALSE	nonsig	TRUE	up
CASP8AP2	CASP8AP2	ortholog_one2one	1.6223673718636389	7.127112969205145e-21	TRUE	up	TRUE	up	0.6413884347826081	1.2723725694152292e-4	FALSE	nonsig	TRUE	up
EGR1	EGR1	ortholog_one2one	-2.804593208012124	7.963142239232869e-25	TRUE	down	TRUE	down	-1.211904434782609	0.00875651998395458	TRUE	down	TRUE	down
PVALB	PVALB	ortholog_one2one	-1.2215295506424255	5.957085770437038e-19	FALSE	nonsig	TRUE	down	-0.6436883913043475	0.01246101375143043	FALSE	nonsig	TRUE	down
CFL2	CFL2	ortholog_one2one	-2.1517103291818187	2.856031264130588e-28	TRUE	down	TRUE	down	-0.5515130652173906	7.8510913329754e-5	FALSE	nonsig	TRUE	down
NOP10	NOP10	ortholog_one2one	1.1295062273030303	8.667368249483572e-22	FALSE	nonsig	TRUE	up	0.8920149999999994	3.33842931811586e-8	FALSE	nonsig	TRUE	up
SLC25A32	SLC25A32	ortholog_one2one	1.6483890665696983	2.5838970392934537e-21	TRUE	up	TRUE	up	1.204880652173913	1.2809293077914316e-6	TRUE	up	TRUE	up
GGT7	GGT7	ortholog_one2one	-1.1812064754484868	7.570575360082244e-28	FALSE	nonsig	TRUE	down	-1.6245332608695648	2.6923859843636494e-9	TRUE	down	TRUE	down
GLIPR1	GLIPR1	ortholog_one2one	-2.1634037979090928	5.831186258428451e-20	TRUE	down	TRUE	down	-1.1324182608695637	7.863760529819088e-5	TRUE	down	TRUE	down
CLEC2D	CLEC2D	ortholog_one2one	-3.0248127857212164	2.168415786569708e-28	TRUE	down	TRUE	down	-0.6653553623188383	0.00319851176264967	FALSE	nonsig	TRUE	down
BCL2L1	BCL2L1	ortholog_one2one	-1.9850417061090937	3.0805143905032654e-25	TRUE	down	TRUE	down	-0.5292671956521725	7.23522102127305e-6	FALSE	nonsig	TRUE	down
EXPH5	EXPH5	ortholog_one2one	1.0636944229575769	9.673276450018388e-32	FALSE	nonsig	TRUE	up	0.6536716521739131	0.00135393038694208	FALSE	nonsig	TRUE	up
ACRV1	ACRV1	ortholog_one2one	-1.518559902793941	1.2440611547951303e-28	TRUE	down	TRUE	down	-0.7784980434782608	2.0860731226881977e-6	FALSE	nonsig	TRUE	down
HOXD10	HOXD10	ortholog_one2one	-1.2531254889696986	5.1869687916431154e-23	FALSE	nonsig	TRUE	down	-1.1933922608695644	4.0770394095675694e-5	TRUE	down	TRUE	down
USP18	USP18	ortholog_one2one	2.34329883898182	9.395862699665438e-27	TRUE	up	TRUE	up	1.929871086956522	7.770406308196935e-5	TRUE	up	TRUE	up
TRIB2	TRIB2	ortholog_one2one	-2.5956406270909103	3.9917019011709336e-19	TRUE	down	TRUE	down	-1.4693148695652167	8.609099752492068e-4	TRUE	down	TRUE	down
MTSS1	MTSS1	ortholog_one2one	-2.2396086768151533	3.0899065533292853e-19	TRUE	down	TRUE	down	-1.8331119565217384	4.00357203542845e-5	TRUE	down	TRUE	down
RTKN	RTKN	ortholog_one2one	-1.462113769166668	9.815586584644266e-22	FALSE	nonsig	TRUE	down	-0.8697046521739129	1.8291177225479795e-8	FALSE	nonsig	TRUE	down
RAD54B	RAD54B	ortholog_one2one	2.308236560896972	2.4799079511602635e-25	TRUE	up	TRUE	up	1.3798603043478266	1.070229544891073e-6	TRUE	up	TRUE	up
GAS2L1	GAS2L1	ortholog_one2one	-1.2210755092303038	8.499154808007705e-30	FALSE	nonsig	TRUE	down	-0.6532610217391303	1.2564156981893912e-5	FALSE	nonsig	TRUE	down
MED29	MED29	ortholog_one2one	-1.6805121119393962	1.1647361552660396e-27	TRUE	down	TRUE	down	-0.5846799999999993	9.664591910335462e-7	FALSE	nonsig	TRUE	down
HEATR5A	HEATR5A	ortholog_one2one	1.8277106690424263	3.447690616291044e-21	TRUE	up	TRUE	up	0.6162713913043475	6.89523092869574e-5	FALSE	nonsig	TRUE	up
FXYD1	FXYD1	ortholog_one2one	-1.3809184761818198	2.25638447906082e-29	FALSE	nonsig	TRUE	down	-1.5211778260869555	3.035489497529043e-7	TRUE	down	TRUE	down
THEM5	THEM5	ortholog_one2one	-2.3127592505636394	9.933579112415819e-24	TRUE	down	TRUE	down	-1.1420172173913037	0.00157646728023405	TRUE	down	TRUE	down
POP1	POP1	ortholog_one2one	2.620918714339397	2.1534206878391742e-27	TRUE	up	TRUE	up	0.8460176521739133	6.5002704934364615e-6	FALSE	nonsig	TRUE	up
PPP1R13B	PPP1R13B	ortholog_one2one	-2.2291185936545483	5.898230625760341e-32	TRUE	down	TRUE	down	-0.9455510724637674	1.623071628341951e-8	FALSE	nonsig	TRUE	down
MAP3K9	MAP3K9	ortholog_one2one	-1.0783131057060622	2.8874700349073172e-22	FALSE	nonsig	TRUE	down	-0.5300350217391306	4.840975149777178e-7	FALSE	nonsig	TRUE	down
HDHD2	HDHD2	ortholog_one2one	1.605990656018183	4.6798325926017127e-29	TRUE	up	TRUE	up	0.7198581086956529	7.611629860116292e-7	FALSE	nonsig	TRUE	up
GCLC	GCLC	ortholog_one2one	2.4176949721818217	1.5279210487382324e-24	TRUE	up	TRUE	up	0.708810608695653	0.00324059718339484	FALSE	nonsig	TRUE	up
TRIP13	TRIP13	ortholog_one2one	2.9288349386484875	1.1853039665969489e-21	TRUE	up	TRUE	up	1.511923304347826	2.8180209216152034e-8	TRUE	up	TRUE	up
RIPK2	RIPK2	ortholog_one2one	1.7466654824151533	1.6789676227925098e-24	TRUE	up	TRUE	up	0.9037575434782606	1.567351925056138e-4	FALSE	nonsig	TRUE	up
ZFHX3	ZFHX3	ortholog_one2one	-1.2588491570333342	6.0778021079425736e-27	FALSE	nonsig	TRUE	down	-0.6065152826086955	3.9177341308497225e-4	FALSE	nonsig	TRUE	down
ATOX1	ATOX1	ortholog_one2many	1.6453529189030311	1.131552339360804e-26	TRUE	up	TRUE	up	0.5064886086956527	5.0417156562668525e-5	FALSE	nonsig	TRUE	up
GEMIN4	GEMIN4	ortholog_one2one	1.5279961190424252	5.2971739982856095e-25	TRUE	up	TRUE	up	1.2225001739130434	2.111730202677444e-7	TRUE	up	TRUE	up
HOXA6	HOXA6	ortholog_one2one	-1.2595498755878805	3.999957769257257e-26	FALSE	nonsig	TRUE	down	-0.7020957391304344	2.060757647605869e-7	FALSE	nonsig	TRUE	down
DOCK4	DOCK4	ortholog_one2one	1.9261863585272752	3.4757295161373364e-23	TRUE	up	TRUE	up	0.6675738260869566	0.00683899756451749	FALSE	nonsig	TRUE	up
SLC31A1	SLC31A1	ortholog_one2one	1.898600894115153	1.2397438832531798e-19	TRUE	up	TRUE	up	0.7710916521739138	9.502560537256176e-6	FALSE	nonsig	TRUE	up
ARHGEF12	ARHGEF12	ortholog_one2one	-1.0198104231454557	1.0252017459406835e-28	FALSE	nonsig	TRUE	down	-0.6402191884057967	6.346142227298908e-7	FALSE	nonsig	TRUE	down
UBE2S	UBE2S	ortholog_one2one	3.1503106371454583	5.897000436688805e-32	TRUE	up	TRUE	up	1.333093347826088	3.1488639933944594e-5	TRUE	up	TRUE	up
SLC22A1	SLC22A1	ortholog_one2one	-1.3352318449393958	7.480071904793009e-25	FALSE	nonsig	TRUE	down	-0.6328205869565219	0.08184076432071197	FALSE	nonsig	TRUE	down
CHCHD7	CHCHD7	ortholog_one2one	-1.3328723257787896	6.249953991397012e-26	FALSE	nonsig	TRUE	down	-2.079872260869564	2.8098934213129547e-6	TRUE	down	TRUE	down
UBLCP1	UBLCP1	ortholog_one2one	1.240843860109092	1.360926845565556e-21	FALSE	nonsig	TRUE	up	0.7037878695652168	5.15583818875647e-7	FALSE	nonsig	TRUE	up
NDUFA11	NDUFA11	ortholog_one2one	2.012307981818184	9.4757019433485e-26	TRUE	up	TRUE	up	0.7118047826086964	4.277427613542759e-7	FALSE	nonsig	TRUE	up
DPY19L4	DPY19L4	ortholog_one2one	2.0764729394484864	1.4090750316814545e-22	TRUE	up	TRUE	up	0.7765612173913046	6.471459356715241e-6	FALSE	nonsig	TRUE	up
PGAM1	PGAM1	ortholog_one2one	1.5325952740000006	1.4923996720763925e-29	TRUE	up	TRUE	up	0.6852106304347831	7.961815580604604e-8	FALSE	nonsig	TRUE	up
KIF15	KIF15	ortholog_one2one	3.5656889220969736	1.2234563969483789e-22	TRUE	up	TRUE	up	1.9924239913043489	3.693831983095893e-9	TRUE	up	TRUE	up
BYSL	BYSL	ortholog_one2one	1.75284733158182	1.199202447013852e-19	TRUE	up	TRUE	up	0.8442123260869571	9.159679289895032e-7	FALSE	nonsig	TRUE	up
GM2A	GM2A	ortholog_one2one	-3.098256206903034	8.254458846379334e-32	TRUE	down	TRUE	down	-1.2748736521739124	5.412422429653623e-6	TRUE	down	TRUE	down
ZNF451	ZNF451	ortholog_one2one	2.1391393245090926	2.367098068650633e-31	TRUE	up	TRUE	up	0.7887640000000012	4.598970495506163e-8	FALSE	nonsig	TRUE	up
CLP1	CLP1	ortholog_one2one	1.3133543096727287	9.982133468704995e-32	FALSE	nonsig	TRUE	up	0.7549753478260876	4.9350123583434136e-5	FALSE	nonsig	TRUE	up
TTK	TTK	ortholog_one2one	3.924942984636365	7.471960515521359e-23	TRUE	up	TRUE	up	2.3710550869565212	4.085450949026675e-8	TRUE	up	TRUE	up
ARFIP2	ARFIP2	ortholog_one2one	1.64714402979394	2.701310579730354e-20	TRUE	up	TRUE	up	0.5077746086956528	8.527505989509077e-5	FALSE	nonsig	TRUE	up
DPEP3	DPEP3	ortholog_one2one	-1.4631368297090928	9.891825578060326e-21	FALSE	nonsig	TRUE	down	-0.8337213478260865	5.679749764381214e-6	FALSE	nonsig	TRUE	down
DSN1	DSN1	ortholog_one2one	1.612213203703032	2.811325476159398e-19	TRUE	up	TRUE	up	1.7288324347826094	5.895382012537809e-10	TRUE	up	TRUE	up
BST1	BST1	ortholog_one2one	1.5983405164545466	1.7311835034295718e-26	TRUE	up	TRUE	up	0.7996422391304355	1.8434133352916258e-5	FALSE	nonsig	TRUE	up
TPM2	TPM2	ortholog_one2one	-1.2848554867696986	1.7400696096296357e-19	FALSE	nonsig	TRUE	down	-0.8596104456521735	2.4289081165836e-4	FALSE	nonsig	TRUE	down
PCNA	PCNA	ortholog_one2one	2.849537122303033	2.30407561243269e-24	TRUE	up	TRUE	up	1.0413391304347823	9.659054275538886e-9	TRUE	up	TRUE	up
ADSL	ADSL	ortholog_one2one	1.2868896224333348	3.5067878523094483e-22	FALSE	nonsig	TRUE	up	0.6915116739130439	2.7947440183942235e-4	FALSE	nonsig	TRUE	up
MRPL32	MRPL32	ortholog_one2one	1.2323362881818187	6.2057583677761615e-21	FALSE	nonsig	TRUE	up	0.7011066956521746	1.2054248629303235e-6	FALSE	nonsig	TRUE	up
FLOT1	FLOT1	ortholog_one2one	-1.879363899572729	2.637350391436671e-31	TRUE	down	TRUE	down	-0.8687629891304343	1.4289666883391218e-6	FALSE	nonsig	TRUE	down
KRTCAP3	KRTCAP3	ortholog_one2one	-1.3791484655030322	4.662949690197331e-19	FALSE	nonsig	TRUE	down	-1.2317844347826084	1.1358839509585684e-9	TRUE	down	TRUE	down
RRBP1	RRBP1	ortholog_one2one	-2.030068859390912	8.769287804279537e-20	TRUE	down	TRUE	down	-0.641290260869565	2.7023797289908713e-4	FALSE	nonsig	TRUE	down
GNG2	GNG2	ortholog_one2one	-2.0172441851030327	4.692356976978165e-22	TRUE	down	TRUE	down	-0.7168249999999994	0.03173971623745201	FALSE	nonsig	TRUE	down
ZNF624	ZNF624	ortholog_one2one	-1.8309420565818215	8.379361546219044e-27	TRUE	down	TRUE	down	-0.602725956521739	0.00130696595145258	FALSE	nonsig	TRUE	down
TSPAN33	TSPAN33	ortholog_one2one	-2.1074660126727287	6.2637750027720305e-21	TRUE	down	TRUE	down	-0.5770253913043475	2.4782372783709357e-7	FALSE	nonsig	TRUE	down
TBL1X	TBL1X	ortholog_one2many	-1.9328293442030329	1.2285990895933926e-21	TRUE	down	TRUE	down	-0.6530623043478265	0.01699098014110686	FALSE	nonsig	TRUE	down
TTC12	TTC12	ortholog_one2one	-1.1799775112242434	5.432324544211142e-24	FALSE	nonsig	TRUE	down	-0.9182881449275364	1.171520379635797e-7	FALSE	nonsig	TRUE	down
TRIM28	TRIM28	ortholog_one2one	1.855756495103032	5.1692372331628664e-24	TRUE	up	TRUE	up	0.7190180217391313	1.0674178222731281e-7	FALSE	nonsig	TRUE	up
PSMB3	PSMB3	ortholog_one2one	1.3235638040303042	6.616115571910258e-26	FALSE	nonsig	TRUE	up	0.6691141884057991	4.969655682886794e-10	FALSE	nonsig	TRUE	up
COMMD8	COMMD8	ortholog_one2one	2.2611212644666674	6.674015230233619e-30	TRUE	up	TRUE	up	1.0103282608695667	3.7600019504614315e-8	TRUE	up	TRUE	up
DHX15	DHX15	ortholog_one2one	1.2834013965636366	1.547612407100619e-19	FALSE	nonsig	TRUE	up	0.5636688369565231	3.767003789620069e-6	FALSE	nonsig	TRUE	up
NUDCD1	NUDCD1	ortholog_one2one	1.7007626938272735	3.9287481224256206e-27	TRUE	up	TRUE	up	0.8063033043478269	2.9051929661349085e-6	FALSE	nonsig	TRUE	up
ARHGAP9	ARHGAP9	ortholog_one2one	-2.1784201672060624	3.22684522336923e-21	TRUE	down	TRUE	down	-0.6558539130434782	1.4770498866163468e-4	FALSE	nonsig	TRUE	down
IFRD2	IFRD2	ortholog_one2one	1.7685959732727283	1.2067258068200608e-24	TRUE	up	TRUE	up	0.8341095797101463	4.277427613542759e-7	FALSE	nonsig	TRUE	up
RAB30	RAB30	ortholog_one2one	-2.52211672138182	3.7512878247755964e-27	TRUE	down	TRUE	down	-2.137806956521739	5.8552819877635335e-8	TRUE	down	TRUE	down
NTN5	HSD17B14	ortholog_one2one	-1.0435733240151528	8.07932202968312e-27	FALSE	nonsig	TRUE	down	-1.880250130434782	6.764223957991605e-5	TRUE	down	TRUE	down
PRCP	PRCP	ortholog_one2one	-1.51775310737879	1.1013831134800792e-28	TRUE	down	TRUE	down	-0.6251680869565212	3.3592474839102215e-5	FALSE	nonsig	TRUE	down
TRIM44	TRIM44	ortholog_one2one	1.3961670843212135	1.7462859669323837e-19	FALSE	nonsig	TRUE	up	0.8524417536231884	2.077450383527112e-7	FALSE	nonsig	TRUE	up
LPP	LPP	ortholog_one2one	-2.9085361963030336	1.4341456628492009e-21	TRUE	down	TRUE	down	-0.5383550543478256	3.943909735029754e-6	FALSE	nonsig	TRUE	down
SLC20A1	SLC20A1	ortholog_one2one	2.150188679915153	6.1912493326377155e-25	TRUE	up	TRUE	up	0.9299935217391304	4.245363869906114e-7	FALSE	nonsig	TRUE	up
RCN3	RCN3	ortholog_one2one	-1.4339273261212142	1.2504772971960026e-28	FALSE	nonsig	TRUE	down	-0.8190640434782602	9.107072651807416e-7	FALSE	nonsig	TRUE	down
TRIM69	TRIM69	ortholog_one2one	-1.863037630248487	5.301055586235442e-20	TRUE	down	TRUE	down	-1.4570193043478246	1.3073353404354427e-5	TRUE	down	TRUE	down
WARS2	WARS2	ortholog_one2one	2.2370204317090923	1.3464320838764066e-26	TRUE	up	TRUE	up	0.5857190869565219	0.00115095796449519	FALSE	nonsig	TRUE	up
GNG3	GNG3	ortholog_one2one	-1.1709795810181831	2.2729559667122688e-21	FALSE	nonsig	TRUE	down	-0.7006880434782601	2.3196999998444955e-4	FALSE	nonsig	TRUE	down
MRPL37	MRPL37	ortholog_one2one	1.928646662739395	1.7973877562251748e-27	TRUE	up	TRUE	up	0.5991108478260866	1.3983609409770072e-5	FALSE	nonsig	TRUE	up
OLFM1	OLFM1	ortholog_one2one	1.3163046781454562	7.171867217637116e-24	FALSE	nonsig	TRUE	up	1.9290753478260871	0.00664704251424643	TRUE	up	TRUE	up
CORO2B	CORO2B	ortholog_one2one	-1.7381367121878808	1.4365443844869553e-22	TRUE	down	TRUE	down	-0.5692767826086955	5.207060995376187e-6	FALSE	nonsig	TRUE	down
PSMA5	PSMA5	ortholog_one2one	1.271565900648486	3.771579801979043e-24	FALSE	nonsig	TRUE	up	0.7587597971014512	0.0305933142618818	FALSE	nonsig	TRUE	up
B4GALT4	B4GALT4	ortholog_one2one	-1.4251991614181831	1.576522316874576e-19	FALSE	nonsig	TRUE	down	-0.8865254782608697	2.0143672723462136e-4	FALSE	nonsig	TRUE	down
RPA2	RPA2	ortholog_one2one	1.466457679721213	5.20047500467069e-28	FALSE	nonsig	TRUE	up	0.8145015217391309	1.5238846226811609e-6	FALSE	nonsig	TRUE	up
DTL	DTL	ortholog_one2one	3.2281665285848513	1.7963184018523735e-19	TRUE	up	TRUE	up	1.6317832173913054	2.899570560415259e-9	TRUE	up	TRUE	up
TAPBPL	TAPBPL	ortholog_one2one	-1.6788534622272742	2.1338524890751698e-26	TRUE	down	TRUE	down	-0.9585123043478254	2.1327180865449263e-5	FALSE	nonsig	TRUE	down
SNTB2	SNTB2	ortholog_one2one	-1.4044761886848498	1.6483976698932566e-20	FALSE	nonsig	TRUE	down	-1.7926673913043478	1.1562245304629063e-6	TRUE	down	TRUE	down
RIOK1	RIOK1	ortholog_one2one	2.0820518499333343	1.1207985439847385e-30	TRUE	up	TRUE	up	0.5821492173913051	2.1207598793255736e-6	FALSE	nonsig	TRUE	up
TUBG1	TUBG1	ortholog_one2one	2.434006945430305	2.8798331537361556e-26	TRUE	up	TRUE	up	0.6440282608695658	1.825432162638479e-5	FALSE	nonsig	TRUE	up
VPS8	VPS8	ortholog_one2one	1.911151617909092	1.1726562938208348e-22	TRUE	up	TRUE	up	0.5187039130434785	0.00620394857517714	FALSE	nonsig	TRUE	up
EPS8	EPS8	ortholog_one2one	4.22748226634546	7.805050507870157e-22	TRUE	up	TRUE	up	0.7325590652173916	0.00181846913600401	FALSE	nonsig	TRUE	up
PLOD2	PLOD2	ortholog_one2one	3.580733583039399	2.7163438272048755e-29	TRUE	up	TRUE	up	0.8227808260869565	0.00723623920176998	FALSE	nonsig	TRUE	up
WDR74	WDR74	ortholog_one2one	1.6149883149818205	8.652564353242054e-27	TRUE	up	TRUE	up	0.6978925434782615	5.6767694410575015e-5	FALSE	nonsig	TRUE	up
LMCD1	LMCD1	ortholog_one2one	-1.5852138673212146	8.620304570840405e-20	TRUE	down	TRUE	down	-0.840371760869565	3.824830939249485e-4	FALSE	nonsig	TRUE	down
HMBS	HMBS	ortholog_one2one	1.836913092739396	3.460478341364539e-25	TRUE	up	TRUE	up	0.6324458043478272	6.291866957948461e-6	FALSE	nonsig	TRUE	up
ITGB7	ITGB7	ortholog_one2one	-1.995970886484852	1.992800411659916e-20	TRUE	down	TRUE	down	-1.4809263768115937	9.633684960083054e-7	TRUE	down	TRUE	down
NUB1	NUB1	ortholog_one2one	-2.0953022549757607	4.522634323396539e-23	TRUE	down	TRUE	down	-0.5160380248447204	9.180968815164325e-7	FALSE	nonsig	TRUE	down
OSBPL10	OSBPL10	ortholog_one2one	-1.4636331010969712	3.2515339042878243e-20	FALSE	nonsig	TRUE	down	-0.5197229130434781	0.00390006547189952	FALSE	nonsig	TRUE	down
ACAD9	ACAD9	ortholog_one2one	1.2238685724060607	1.5954299381526516e-24	FALSE	nonsig	TRUE	up	0.661292721739131	2.412855205746465e-6	FALSE	nonsig	TRUE	up
PRMT3	PRMT3	ortholog_one2one	3.2846354932000033	7.300241746940049e-31	TRUE	up	TRUE	up	1.4004912028985517	1.656815012691908e-11	TRUE	up	TRUE	up
SLC6A12	SLC6A12	ortholog_one2one	1.9077087848121224	2.9897875942100373e-27	TRUE	up	TRUE	up	2.155070173913044	0.0018648192659825	TRUE	up	TRUE	up
METTL1	METTL1	ortholog_one2one	1.5756866052969714	2.6731523556120943e-20	TRUE	up	TRUE	up	0.8830044782608693	3.511057587375387e-7	FALSE	nonsig	TRUE	up
CAMK1	CAMK1	ortholog_one2one	-3.2174531948363674	3.569807604949434e-26	TRUE	down	TRUE	down	-1.127530499999999	1.28950012053896e-7	TRUE	down	TRUE	down
DPEP2	DPEP2	ortholog_one2one	-2.229445833436366	1.0750049302541553e-22	TRUE	down	TRUE	down	-0.9363616086956518	1.306112051780087e-6	FALSE	nonsig	TRUE	down
ENO2	ENO2	ortholog_one2one	-2.8503832556909128	5.696246364347194e-19	TRUE	down	TRUE	down	-0.8394554782608685	0.03594293837216407	FALSE	nonsig	TRUE	down
TMEM106A	TMEM106A	ortholog_one2one	-1.3347668838363658	2.0419360575706897e-20	FALSE	nonsig	TRUE	down	-0.5946152173913035	0.02297563427700689	FALSE	nonsig	TRUE	down
ADIPOR2	ADIPOR2	ortholog_one2one	1.6226692471757591	1.5050409625073266e-30	TRUE	up	TRUE	up	0.9530440000000004	1.7466903510277237e-5	FALSE	nonsig	TRUE	up
WNT5B	WNT5B	ortholog_one2one	-1.3116010604242438	4.465208254212129e-31	FALSE	nonsig	TRUE	down	-0.7549967391304345	0.06088060195079546	FALSE	nonsig	TRUE	down
NRBP1	NRBP1	ortholog_one2one	-1.3326947562000016	4.7605301314075224e-20	FALSE	nonsig	TRUE	down	-0.5779258550724633	4.2333947736495625e-7	FALSE	nonsig	TRUE	down
CMKLR1	CMKLR1	ortholog_one2one	2.2050015372000016	1.0010195133869773e-30	TRUE	up	TRUE	up	1.010403652173914	1.853420514666272e-5	TRUE	up	TRUE	up
PLSCR1	PLSCR1	ortholog_one2one	2.299554211733337	4.8027982998025996e-21	TRUE	up	TRUE	up	1.010217782608695	8.771686966215095e-4	TRUE	up	TRUE	up
KAT2A	KAT2A	ortholog_one2one	1.8575394138363643	1.6068497996687811e-27	TRUE	up	TRUE	up	0.9517976086956528	4.127112531251384e-8	FALSE	nonsig	TRUE	up
C4BPB	C4BPB	ortholog_one2one	-1.5478917769393965	3.052958889055657e-23	TRUE	down	TRUE	down	-1.4778801739130432	0.01268444823770257	TRUE	down	TRUE	down
COPZ2	COPZ2	ortholog_one2one	-1.4709170089606072	7.064275588856855e-19	FALSE	nonsig	TRUE	down	-1.1187055434782605	6.502733628079501e-4	TRUE	down	TRUE	down
IMPDH2	IMPDH2	ortholog_one2one	2.1105175744242453	5.6825639196184295e-25	TRUE	up	TRUE	up	0.6856852173913048	5.385807484658431e-7	FALSE	nonsig	TRUE	up
LRPPRC	LRPPRC	ortholog_one2one	1.5903882896181836	2.4923018738297387e-26	TRUE	up	TRUE	up	0.6948966376811598	4.438163992148165e-6	FALSE	nonsig	TRUE	up
PELI3	PELI3	ortholog_one2one	-1.5021011973393956	7.654008405479881e-20	TRUE	down	TRUE	down	-0.7051783913043471	9.190719234829024e-6	FALSE	nonsig	TRUE	down
ABTB1	ABTB1	ortholog_one2one	-1.2833430912666677	3.873806995415448e-29	FALSE	nonsig	TRUE	down	-0.5169531304347819	0.00300973158199312	FALSE	nonsig	TRUE	down
UBE2E3	UBE2E3	ortholog_one2one	1.5441097516363642	7.260626254244663e-23	TRUE	up	TRUE	up	0.8418736086956518	0.0032638823910771	FALSE	nonsig	TRUE	up
OLA1	OLA1	ortholog_one2one	1.084970910881819	5.440962626415151e-22	FALSE	nonsig	TRUE	up	0.5065898608695648	1.882892318932437e-7	FALSE	nonsig	TRUE	up
FH	FH	ortholog_one2one	1.6122228752606085	2.2378804908089746e-30	TRUE	up	TRUE	up	0.9851323188405808	1.8140206276590558e-10	FALSE	nonsig	TRUE	up
PARP1	PARP1	ortholog_one2one	1.2877823052545465	4.729704329903143e-21	FALSE	nonsig	TRUE	up	0.7425321956521743	8.025920213898542e-6	FALSE	nonsig	TRUE	up
HSD11B1	HSD11B1	ortholog_one2one	2.9805733907454575	3.389373093382463e-20	TRUE	up	TRUE	up	1.7855170869565216	3.2727118808659674e-5	TRUE	up	TRUE	up
ST7L	ST7L	ortholog_one2one	-1.0628045135151525	6.123396178978441e-19	FALSE	nonsig	TRUE	down	-0.7843360869565222	4.5291497971126216e-4	FALSE	nonsig	TRUE	down
ADAR	ADAR	ortholog_one2one	1.1316050761818184	6.0275553289065256e-27	FALSE	nonsig	TRUE	up	0.6477293043478262	2.1575778642781197e-7	FALSE	nonsig	TRUE	up
CRYBA4	CRYBA4	ortholog_one2one	-1.2289194927878802	2.5604980911630065e-12	FALSE	nonsig	TRUE	down	-0.5550712173913037	1.2984209630184686e-4	FALSE	nonsig	TRUE	down
DSG2	DSG2	ortholog_one2one	1.01106563369091	8.649312579619879e-11	FALSE	nonsig	TRUE	up	0.6256322717391303	5.504811939523654e-7	FALSE	nonsig	TRUE	up
PHEX	PHEX	ortholog_one2one	1.1856501479333357	7.030214651142701e-11	FALSE	nonsig	TRUE	up	2.270708065217391	4.2209054328183626e-4	TRUE	up	TRUE	up
PKHD1L1	PKHD1L1	ortholog_one2one	-2.8711350739515176	1.0177187963140721e-13	TRUE	down	TRUE	down	-1.2553306086956515	0.002012759773448	TRUE	down	TRUE	down
MINPP1	MINPP1	ortholog_one2one	1.8120749758060624	2.0621537401537174e-18	TRUE	up	TRUE	up	0.5725103478260878	5.749749987057352e-6	FALSE	nonsig	TRUE	up
IPO5	IPO5	ortholog_one2one	1.294701876727274	1.1329746377587944e-11	FALSE	nonsig	TRUE	up	0.6275928405797109	2.675488222199528e-6	FALSE	nonsig	TRUE	up
CD180	CD180	ortholog_one2one	1.647776515333335	1.6424733299637851e-18	TRUE	up	TRUE	up	0.7906096956521748	5.035722700206547e-6	FALSE	nonsig	TRUE	up
ERCC6L	ERCC6L	ortholog_one2one	1.7807455785030324	5.909739763437541e-15	TRUE	up	TRUE	up	2.0177140869565218	7.083361242056394e-7	TRUE	up	TRUE	up
LIN28B	LIN28B	ortholog_one2one	1.2754057668606058	1.0118358739300604e-10	FALSE	nonsig	TRUE	up	0.981516565217392	5.442812523688417e-6	FALSE	nonsig	TRUE	up
GEMIN5	GEMIN5	ortholog_one2one	1.4514031032666674	2.2420040413150718e-17	FALSE	nonsig	TRUE	up	0.6952883913043474	4.035107529728688e-6	FALSE	nonsig	TRUE	up
MCM5	MCM5	ortholog_one2one	1.174162015454545	1.5149464268658028e-13	FALSE	nonsig	TRUE	up	1.5423490434782623	3.172796226048553e-7	TRUE	up	TRUE	up
MYBL2	MYBL2	ortholog_one2one	2.148638986284851	5.3153207173986476e-18	TRUE	up	TRUE	up	1.327096000000001	2.6365702390655782e-5	TRUE	up	TRUE	up
HEMGN	HEMGN	ortholog_one2one	-1.4788539650575776	2.4604345504792425e-11	FALSE	nonsig	TRUE	down	-0.7387256086956516	0.00886462960833705	FALSE	nonsig	TRUE	down
CLEC4G	CLEC4G	ortholog_one2one	-1.071624957036365	2.184844132350025e-12	FALSE	nonsig	TRUE	down	-1.3815043043478257	0.00182881894210069	TRUE	down	TRUE	down
VAMP1	VAMP1	ortholog_one2one	-1.082912342375758	5.122150131690311e-10	FALSE	nonsig	TRUE	down	-1.3318743478260862	7.697763767233629e-8	TRUE	down	TRUE	down
IFIT5	IFIT5	ortholog_one2one	1.77206980747879	1.3624714190739219e-14	TRUE	up	TRUE	up	0.5041398695652177	0.00367544593717168	FALSE	nonsig	TRUE	up
RNF145	RNF145	ortholog_one2one	1.0665974897030306	9.796899664021597e-12	FALSE	nonsig	TRUE	up	0.8131768695652175	0.00456550422454897	FALSE	nonsig	TRUE	up
EDEM1	EDEM1	ortholog_one2one	-1.1286452355393937	3.563997603374908e-11	FALSE	nonsig	TRUE	down	-0.5777881739130429	0.03965250823850351	FALSE	nonsig	TRUE	down
USP14	USP14	ortholog_one2one	1.0217412383454547	4.602840146654204e-17	FALSE	nonsig	TRUE	up	0.5711824673913046	2.150661422332512e-7	FALSE	nonsig	TRUE	up
CHM	CHM	ortholog_one2one	-1.158866855909092	8.557672446103108e-14	FALSE	nonsig	TRUE	down	-0.5135566521739133	5.846105203855492e-4	FALSE	nonsig	TRUE	down
ACOT8	ACOT8	ortholog_one2one	1.103382359278789	2.112297958494274e-18	FALSE	nonsig	TRUE	up	0.7526647681159431	4.0005224189552675e-6	FALSE	nonsig	TRUE	up
GRHL1	GRHL1	ortholog_one2one	1.3469571760393952	1.1857552305720532e-14	FALSE	nonsig	TRUE	up	0.5857728115942032	1.922495325939608e-5	FALSE	nonsig	TRUE	up
TNFAIP6	TNFAIP6	ortholog_one2one	2.333635464481821	6.162387316073449e-12	TRUE	up	TRUE	up	0.7538546956521739	0.01739596340337042	FALSE	nonsig	TRUE	up
KIF5C	KIF5C	ortholog_one2one	-1.7919479321212142	1.3954784099173548e-17	TRUE	down	TRUE	down	-1.2483077173913042	5.856924100194594e-7	TRUE	down	TRUE	down
RDH10	RDH10	ortholog_one2one	1.0245268831848495	3.16218853928614e-17	FALSE	nonsig	TRUE	up	0.6032407826086958	0.02087139961718553	FALSE	nonsig	TRUE	up
FOXO1	FOXO1	ortholog_one2one	-1.5280808997878808	3.683083416663787e-12	TRUE	down	TRUE	down	-0.9785458550724628	1.2635008658437049e-5	FALSE	nonsig	TRUE	down
PTGS1	PTGS1	ortholog_one2one	-2.0511978272454567	4.636239962940431e-14	TRUE	down	TRUE	down	-2.278036826086956	7.412983192470556e-8	TRUE	down	TRUE	down
UCHL3	UCHL3	ortholog_one2one	1.5101709099757583	5.494416549694408e-16	TRUE	up	TRUE	up	0.864825782608695	2.039083095498685e-5	FALSE	nonsig	TRUE	up
PBK	PBK	ortholog_one2many	2.8143870583454573	1.4284439748055655e-9	TRUE	up	TRUE	up	1.3785128478260875	1.926832213617549e-7	TRUE	up	TRUE	up
ATP6V0D2	ATP6V0D2	ortholog_one2one	1.2979915303515164	2.2600707092861923e-18	FALSE	nonsig	TRUE	up	0.7645953043478269	0.02279685341016859	FALSE	nonsig	TRUE	up
GALNT7	GALNT7	ortholog_one2one	1.0967827272818187	3.8634163182626806e-12	FALSE	nonsig	TRUE	up	0.9023935000000006	4.024251908803229e-6	FALSE	nonsig	TRUE	up
RASL11A	RASL11A	ortholog_one2one	-1.4528347856969714	1.3140800160501114e-11	FALSE	nonsig	TRUE	down	-1.6860123478260869	1.0513003088159828e-4	TRUE	down	TRUE	down
CXCR4	CXCR4	ortholog_one2many	-1.8050332776242433	1.4024618446029262e-11	TRUE	down	TRUE	down	-1.3537399999999995	0.00295742178625818	TRUE	down	TRUE	down
BID	BID	ortholog_one2many	1.0860399190303038	1.0172024357463015e-11	FALSE	nonsig	TRUE	up	1.189735	2.320726513540001e-7	TRUE	up	TRUE	up
N4BP2L1	N4BP2L1	ortholog_one2one	-1.4827683476727294	1.3585075140592362e-15	FALSE	nonsig	TRUE	down	-0.9253850434782602	7.348541348087636e-4	FALSE	nonsig	TRUE	down
ATP8A1	ATP8A1	ortholog_one2one	-1.5648452825636383	2.1100827389705385e-13	TRUE	down	TRUE	down	-0.8466336086956509	2.3681803031982228e-4	FALSE	nonsig	TRUE	down
HPSE	HPSE	ortholog_one2one	1.8095994238818196	2.190634800696231e-15	TRUE	up	TRUE	up	0.6181145652173918	0.02657470369405839	FALSE	nonsig	TRUE	up
MTX1	MTX1	ortholog_one2one	1.0629155714242429	3.133053536579136e-15	FALSE	nonsig	TRUE	up	0.6297743478260881	3.4225369701933182e-6	FALSE	nonsig	TRUE	up
SHROOM3	SHROOM3	ortholog_one2one	-1.345093803624244	2.0881396235482822e-10	FALSE	nonsig	TRUE	down	-0.614383695652174	4.943018457353966e-4	FALSE	nonsig	TRUE	down
SCG3	SCG3	ortholog_one2one	-1.2315003825636373	1.2909470388905516e-17	FALSE	nonsig	TRUE	down	-1.351927347826087	1.9012847663096935e-5	TRUE	down	TRUE	down
CD70	CD70	ortholog_one2one	1.3657371109212122	2.701059924187657e-12	FALSE	nonsig	TRUE	up	1.2006219565217398	0.0143378304209025	TRUE	up	TRUE	up
CPXM1	CPXM1	ortholog_one2one	-1.8115619832303076	1.5231404406603002e-12	TRUE	down	TRUE	down	-1.33952156521739	5.18405466273612e-4	TRUE	down	TRUE	down
KIF20B	KIF20B	ortholog_one2one	1.0377102099696969	4.1123213821962407e-10	FALSE	nonsig	TRUE	up	1.0223324347826095	1.8729147166466672e-6	TRUE	up	TRUE	up
MRPL13	MRPL13	ortholog_one2one	1.0256531687030306	5.2089268767438776e-12	FALSE	nonsig	TRUE	up	0.779171891304349	1.781583202069971e-7	FALSE	nonsig	TRUE	up
SESN1	SESN1	ortholog_one2one	1.3348253665393943	3.8989704911973265e-11	FALSE	nonsig	TRUE	up	0.5024181478260878	0.03817550529434174	FALSE	nonsig	TRUE	up
STOML2	STOML2	ortholog_one2one	1.02566788449697	2.301115852124834e-12	FALSE	nonsig	TRUE	up	0.8747018260869576	2.832733137380211e-6	FALSE	nonsig	TRUE	up
POLE3	POLE3	ortholog_one2one	1.2859283419878798	4.160650754392819e-14	FALSE	nonsig	TRUE	up	0.5310980869565217	0.00592341583450382	FALSE	nonsig	TRUE	up
DCTPP1	DCTPP1	ortholog_one2many	1.3262365882606082	8.775373494591728e-16	FALSE	nonsig	TRUE	up	1.0300618550724647	2.1207598793255736e-6	TRUE	up	TRUE	up
MRPL15	MRPL15	ortholog_one2many	1.089579625109092	1.1146568923834665e-13	FALSE	nonsig	TRUE	up	0.6127116521739127	4.949111589977855e-7	FALSE	nonsig	TRUE	up
DGKA	DGKA	ortholog_one2one	-1.8206011050212136	5.097806321937811e-14	TRUE	down	TRUE	down	-0.8202301739130421	5.283420875618953e-6	FALSE	nonsig	TRUE	down
KCNA3	KCNA3	ortholog_one2one	-2.8415451226242454	8.361813754141508e-19	TRUE	down	TRUE	down	-0.9530239130434766	0.01258001144077619	FALSE	nonsig	TRUE	down
RILPL2	RILPL2	ortholog_one2one	1.532757742375759	1.902386454156919e-12	TRUE	up	TRUE	up	0.7538930434782617	1.805125404298216e-5	FALSE	nonsig	TRUE	up
BNIP1	BNIP1	ortholog_one2one	1.3046133550303034	8.808805963122509e-19	FALSE	nonsig	TRUE	up	0.5846468478260866	1.017955482301425e-4	FALSE	nonsig	TRUE	up
TMCC3	TMCC3	ortholog_one2one	1.5687162602363656	1.1056042953770795e-11	TRUE	up	TRUE	up	0.6819387391304348	0.05400315938641051	FALSE	nonsig	TRUE	up
GPI	UBA2	ortholog_one2many	1.183111215460607	4.349697614524795e-16	FALSE	nonsig	TRUE	up	0.72773304347826	2.397029636102592e-8	FALSE	nonsig	TRUE	up
DEPDC1B	DEPDC1B	ortholog_one2one	2.9618624790424257	1.2622591758745058e-18	TRUE	up	TRUE	up	0.9060999565217396	4.598970495506163e-8	FALSE	nonsig	TRUE	up
BTG2	BTG2	ortholog_one2one	-1.3646354303606076	4.3791618668994836e-15	FALSE	nonsig	TRUE	down	-0.5947895652173907	0.03945819162519009	FALSE	nonsig	TRUE	down
KIF2A	KIF2A	ortholog_one2one	1.0161843188848492	4.352836526987186e-11	FALSE	nonsig	TRUE	up	0.6768160869565223	1.5327599204020665e-6	FALSE	nonsig	TRUE	up
CENPK	CENPK	ortholog_one2one	2.752321273363638	4.452887982642005e-17	TRUE	up	TRUE	up	1.7860478695652175	5.09669609564748e-7	TRUE	up	TRUE	up
SPP1	SPP1	ortholog_one2one	2.1652923916333355	8.741951275163485e-13	TRUE	up	TRUE	up	1.488032956521739	0.02064265246934154	TRUE	up	TRUE	up
JUN	JUN	ortholog_one2one	-3.0429208158393983	2.4821209316073763e-16	TRUE	down	TRUE	down	-0.7933173043478268	0.02315719679293476	FALSE	nonsig	TRUE	down
NUP37	NUP37	ortholog_one2one	1.0205581702212136	1.709864580879433e-14	FALSE	nonsig	TRUE	up	0.7092371739130433	3.018493309771141e-7	FALSE	nonsig	TRUE	up
BLVRB	BLVRB	ortholog_one2one	1.2902209689757582	3.14764348726863e-17	FALSE	nonsig	TRUE	up	1.0984078985507253	6.055238139992755e-4	TRUE	up	TRUE	up
MELK	MELK	ortholog_one2one	1.9188700702060617	1.5819005633246884e-12	TRUE	up	TRUE	up	0.920583173913044	1.2463997918573578e-7	FALSE	nonsig	TRUE	up
RAD51AP1	RAD51AP1	ortholog_one2one	2.1980741608606076	4.0917991027959973e-13	TRUE	up	TRUE	up	1.8478053043478255	1.2987242037461107e-9	TRUE	up	TRUE	up
DNAJC5	DNAJC5	ortholog_one2one	1.023448485715152	1.1052161792714428e-14	FALSE	nonsig	TRUE	up	0.5237008260869567	3.733918889719294e-4	FALSE	nonsig	TRUE	up
SYCE2	SYCE2	ortholog_one2one	-1.1483790816606072	1.4024618446029262e-11	FALSE	nonsig	TRUE	down	-0.6314443695652163	0.00764587230763756	FALSE	nonsig	TRUE	down
GABARAPL1	GABARAPL1	ortholog_one2one	-1.3033991308878805	1.708350314722442e-9	FALSE	nonsig	TRUE	down	-0.954980369565217	7.256675565775202e-6	FALSE	nonsig	TRUE	down
RNF144B	RNF144B	ortholog_one2one	-1.5984885206575778	4.5703018215733935e-10	TRUE	down	TRUE	down	-0.5215424637681154	8.105567863979793e-6	FALSE	nonsig	TRUE	down
TGFBR2	TGFBR2	ortholog_one2one	-1.321803710933335	3.091423663438212e-13	FALSE	nonsig	TRUE	down	-0.901682507246376	1.811455980354059e-7	FALSE	nonsig	TRUE	down
DUT	DUT	ortholog_one2one	1.2002936279393952	1.159495294434863e-13	FALSE	nonsig	TRUE	up	0.6434396231884075	1.581647240870866e-9	FALSE	nonsig	TRUE	up
MCM7	MCM7	ortholog_one2one	1.5163202980242438	6.829010460081686e-17	TRUE	up	TRUE	up	0.6119739782608706	1.135937474440477e-4	FALSE	nonsig	TRUE	up
SFXN1	SFXN1	ortholog_one2one	1.008513216709091	1.455712499203365e-11	FALSE	nonsig	TRUE	up	0.8392981304347822	1.2716309491735232e-5	FALSE	nonsig	TRUE	up
FZD6	FZD6	ortholog_one2one	2.412914110139395	2.2119974358407431e-13	TRUE	up	TRUE	up	0.6298510000000002	0.07229626620519107	FALSE	nonsig	TRUE	up
NUBPL	NUBPL	ortholog_one2one	1.3940503938121218	2.5250529994830133e-14	FALSE	nonsig	TRUE	up	0.6449801739130437	8.590648442309304e-4	FALSE	nonsig	TRUE	up
IL11RA	IL11RA	ortholog_one2one	-1.0644729297333353	7.414870279287957e-15	FALSE	nonsig	TRUE	down	-0.7589364347826087	1.1574451336437297e-4	FALSE	nonsig	TRUE	down
PARP9	PARP9	ortholog_one2one	1.599328266145456	1.522213239771698e-16	TRUE	up	TRUE	up	0.5133739130434781	0.04500269827245649	FALSE	nonsig	TRUE	up
FN3K	FN3K	ortholog_one2one	-1.4212450158060626	3.4247956189263106e-14	FALSE	nonsig	TRUE	down	-1.1791351304347817	8.896747087433735e-7	TRUE	down	TRUE	down
FASLG	FASLG	ortholog_one2one	1.1057562385818196	1.1831467689516365e-13	FALSE	nonsig	TRUE	up	0.9808790000000006	0.00253202321417967	FALSE	nonsig	TRUE	up
TOP2A	TOP2A	ortholog_one2one	2.8273315402969716	2.0983325649219168e-11	TRUE	up	TRUE	up	2.102893000000001	1.8449184065580677e-8	TRUE	up	TRUE	up
GCNT1	GCNT1	ortholog_one2one	-2.120337055145458	6.216896521647978e-11	TRUE	down	TRUE	down	-1.2243890434782605	0.00951905545224079	TRUE	down	TRUE	down
MRPL45	MRPL45	ortholog_one2many	1.0353857164121216	7.04122289943664e-17	FALSE	nonsig	TRUE	up	0.5630694347826085	2.3345738587469123e-6	FALSE	nonsig	TRUE	up
AK2	AK2	ortholog_one2one	1.4431173656696992	1.9784043762984387e-18	FALSE	nonsig	TRUE	up	0.5188987608695652	1.6606591670419434e-4	FALSE	nonsig	TRUE	up
DUSP23	DUSP23	ortholog_one2one	-1.0437872799939405	2.6360524603634026e-10	FALSE	nonsig	TRUE	down	-2.1111065217391296	5.653220983565386e-9	TRUE	down	TRUE	down
KIF23	KIF23	ortholog_one2one	2.292228425439395	2.781105839287811e-16	TRUE	up	TRUE	up	2.203604543478262	2.3897173810216066e-8	TRUE	up	TRUE	up
ZW10	ZW10	ortholog_one2one	1.2017341771696977	1.7001144255084623e-14	FALSE	nonsig	TRUE	up	0.5828710434782615	9.733685205793075e-6	FALSE	nonsig	TRUE	up
PLN	PLN	ortholog_one2one	-1.2353717221151532	6.472366436628176e-10	FALSE	nonsig	TRUE	down	-0.7788718695652169	0.00340247328737014	FALSE	nonsig	TRUE	down
DDX60	DDX60	ortholog_one2one	2.335753613896972	2.2341917163882803e-10	TRUE	up	TRUE	up	1.1049510869565224	0.05620965890850522	FALSE	nonsig	TRUE	up
CIRBP	CIRBP	ortholog_one2one	-1.1448852831636371	1.3272817965711892e-14	FALSE	nonsig	TRUE	down	-0.5064360434782601	1.0587361323959704e-4	FALSE	nonsig	TRUE	down
MYO5C	MYO5C	ortholog_one2one	2.1414774778121237	9.787246634495768e-17	TRUE	up	TRUE	up	1.5359460434782617	6.19942257843788e-5	TRUE	up	TRUE	up
SLC27A6	SLC27A6	ortholog_one2one	-1.073089704733334	2.5159855906816943e-18	FALSE	nonsig	TRUE	down	-1.373174369565216	0.00564803281934627	TRUE	down	TRUE	down
ZNF470	ZNF470	ortholog_one2one	-1.2423372336363647	1.0508594333449674e-15	FALSE	nonsig	TRUE	down	-0.5967126847826082	0.03646227823297911	FALSE	nonsig	TRUE	down
ANXA9	ANXA9	ortholog_one2one	-1.4164686819818195	5.0945403142998376e-18	FALSE	nonsig	TRUE	down	-1.266518173913043	1.1685097490179484e-5	TRUE	down	TRUE	down
KIF2C	KIF2C	ortholog_one2one	1.753935161721213	2.940291557148316e-11	TRUE	up	TRUE	up	0.5750641956521746	2.426456595344415e-5	FALSE	nonsig	TRUE	up
MFAP5	MFAP5	ortholog_one2one	1.8189859469878815	1.3584859060766766e-10	TRUE	up	TRUE	up	1.4411852608695654	0.07049372165086744	FALSE	nonsig	TRUE	up
KIF14	KIF14	ortholog_one2one	2.242072329521213	1.0147727391870164e-11	TRUE	up	TRUE	up	1.3715446086956524	9.629664112304266e-5	TRUE	up	TRUE	up
BRCA1	BRCA1	ortholog_one2one	1.6578086907060618	4.238395059926308e-11	TRUE	up	TRUE	up	1.2644983043478266	6.532294761466169e-9	TRUE	up	TRUE	up
MMACHC	MMACHC	ortholog_one2one	1.0552792087090914	9.134614962806424e-13	FALSE	nonsig	TRUE	up	1.0913852898550724	5.250828463914389e-7	TRUE	up	TRUE	up
LIN7B	LIN7B	ortholog_one2one	-1.2377140166393952	1.3541388426982194e-13	FALSE	nonsig	TRUE	down	-0.6379680144927533	7.894242677089087e-7	FALSE	nonsig	TRUE	down
CDCA8	CDCA8	ortholog_one2one	2.9044892167030327	1.6507970619805887e-16	TRUE	up	TRUE	up	1.4983091304347826	2.6208444500786503e-8	TRUE	up	TRUE	up
GLCCI1	GLCCI1	ortholog_one2one	-1.9790373802242447	2.8390380093484496e-12	TRUE	down	TRUE	down	-0.8288621594202898	0.00691796993684611	FALSE	nonsig	TRUE	down
ALDH18A1	ALDH18A1	ortholog_one2one	1.1635175799696975	6.88128866173272e-17	FALSE	nonsig	TRUE	up	0.8418674565217393	4.940747019524484e-7	FALSE	nonsig	TRUE	up
SF3B4	SF3B4	ortholog_one2one	1.2425548925757586	2.4454702303058728e-15	FALSE	nonsig	TRUE	up	0.5451423913043479	7.154039978510283e-5	FALSE	nonsig	TRUE	up
HOMER1	HOMER1	ortholog_one2one	1.3137065994121218	2.1308566828187314e-12	FALSE	nonsig	TRUE	up	0.5916250869565216	6.414927154893606e-4	FALSE	nonsig	TRUE	up
INPP5A	INPP5A	ortholog_one2one	-1.2371800208000017	1.4760334738403342e-17	FALSE	nonsig	TRUE	down	-0.8032530434782609	3.1591683401819876e-4	FALSE	nonsig	TRUE	down
OXCT1	OXCT1	ortholog_one2one	1.3694724874848498	3.333042024622207e-16	FALSE	nonsig	TRUE	up	1.1771510760869572	3.6618003313842314e-6	TRUE	up	TRUE	up
DHCR7	DHCR7	ortholog_one2one	1.0308268480212124	1.5906043732733462e-14	FALSE	nonsig	TRUE	up	0.6559411739130437	1.9394431413908838e-7	FALSE	nonsig	TRUE	up
PCGF6	PCGF6	ortholog_one2one	1.1766822402242438	9.800124821811907e-18	FALSE	nonsig	TRUE	up	0.5108167391304346	0.00320827377417755	FALSE	nonsig	TRUE	up
OAT	OAT	ortholog_one2many	1.684232378860607	3.0140718414980015e-16	TRUE	up	TRUE	up	0.7136609565217402	7.87739165629465e-6	FALSE	nonsig	TRUE	up
NCAPD3	NCAPD3	ortholog_one2one	1.1526009692	3.566914740802547e-11	FALSE	nonsig	TRUE	up	0.7703463586956519	2.1435519706601006e-7	FALSE	nonsig	TRUE	up
MICAL1	MICAL1	ortholog_one2one	-1.233785883551516	2.7527643066721786e-15	FALSE	nonsig	TRUE	down	-0.6225144782608696	0.00207285261554475	FALSE	nonsig	TRUE	down
EMG1	EMG1	ortholog_one2one	1.1027511196848483	5.925645880040123e-16	FALSE	nonsig	TRUE	up	0.6326744492753622	3.124896016582849e-5	FALSE	nonsig	TRUE	up
ESPL1	ESPL1	ortholog_one2one	1.8776793935181844	3.718553867238261e-12	TRUE	up	TRUE	up	0.7855899565217394	6.852543666403883e-4	FALSE	nonsig	TRUE	up
URB2	URB2	ortholog_one2one	1.072639312296971	1.1486946128800215e-16	FALSE	nonsig	TRUE	up	0.6434214565217397	1.100173900789138e-8	FALSE	nonsig	TRUE	up
SP4	SP4	ortholog_one2one	-1.1841691793303042	9.63563235676775e-19	FALSE	nonsig	TRUE	down	-0.6088560434782609	0.00184375916695883	FALSE	nonsig	TRUE	down
NOP2	NOP2	ortholog_one2one	1.085163266630304	9.820728418704272e-18	FALSE	nonsig	TRUE	up	0.9492191159420308	1.5418379879909637e-5	FALSE	nonsig	TRUE	up
ROGDI	ROGDI	ortholog_one2one	-1.0987079700969713	1.6937232982632332e-11	FALSE	nonsig	TRUE	down	-0.5479021739130433	0.03246445237773056	FALSE	nonsig	TRUE	down
LSP1	LSP1	ortholog_one2one	-1.4694982348969718	1.6185427118498198e-13	FALSE	nonsig	TRUE	down	-0.6685495652173906	6.015908083449023e-6	FALSE	nonsig	TRUE	down
CYCS	CYCS	ortholog_one2one	1.342263630363637	7.569546239308973e-15	FALSE	nonsig	TRUE	up	0.7834007608695663	1.0998039651810934e-6	FALSE	nonsig	TRUE	up
HYOU1	HYOU1	ortholog_one2one	1.643460666848486	4.6744040629206065e-11	TRUE	up	TRUE	up	0.5415271739130434	4.263620712257392e-4	FALSE	nonsig	TRUE	up
CCR2	CCR2	ortholog_one2one	1.1600348294060614	4.4258844109790406e-10	FALSE	nonsig	TRUE	up	1.4594085217391304	2.2148551105917328e-4	TRUE	up	TRUE	up
APPL2	APPL2	ortholog_one2one	-1.3803710368484867	1.1818870523520164e-13	FALSE	nonsig	TRUE	down	-0.5524186521739124	0.00179482859522812	FALSE	nonsig	TRUE	down
ALG6	ALG6	ortholog_one2one	1.1560628116363634	3.300218259180271e-17	FALSE	nonsig	TRUE	up	0.5303032608695653	2.9609381802878424e-4	FALSE	nonsig	TRUE	up
STIL	STIL	ortholog_one2one	1.535844340296969	8.906517474379808e-11	TRUE	up	TRUE	up	1.8102360434782605	1.1690464989256631e-8	TRUE	up	TRUE	up
RPA1	RPA1	ortholog_one2one	1.252575789648486	1.2874051313158742e-9	FALSE	nonsig	TRUE	up	0.6600181884057973	7.083088310615111e-7	FALSE	nonsig	TRUE	up
RBM28	RBM28	ortholog_one2one	1.158014780436365	3.0311414961428656e-16	FALSE	nonsig	TRUE	up	0.8364532826086974	1.0909889982780185e-7	FALSE	nonsig	TRUE	up
USP1	USP1	ortholog_one2one	1.594136308448485	2.9297222970252967e-16	TRUE	up	TRUE	up	0.7565618695652175	1.1733821836758053e-7	FALSE	nonsig	TRUE	up
DGKD	DGKD	ortholog_one2one	-1.0911800256666686	6.94662532977534e-10	FALSE	nonsig	TRUE	down	-0.5438315217391303	9.413684487090274e-4	FALSE	nonsig	TRUE	down
SLC25A33	SLC25A33	ortholog_one2one	1.6589186801454556	1.0022739659838843e-16	TRUE	up	TRUE	up	0.5711712173913052	4.8602382937923274e-5	FALSE	nonsig	TRUE	up
CD84	CD84	ortholog_one2one	-1.3215653807000003	2.702779831919224e-12	FALSE	nonsig	TRUE	down	-1.3933244782608696	2.471233118892305e-11	TRUE	down	TRUE	down
IKZF2	IKZF2	ortholog_one2one	-1.428079006406063	4.329472918540087e-18	FALSE	nonsig	TRUE	down	-1.0859139239130435	7.775949810747977e-6	TRUE	down	TRUE	down
SOAT1	SOAT1	ortholog_one2one	1.2401101140666675	4.949474010653467e-10	FALSE	nonsig	TRUE	up	0.8859297391304346	1.8322295575120272e-5	FALSE	nonsig	TRUE	up
HYI	HYI	ortholog_one2one	-1.636491561515153	1.841564317460009e-18	TRUE	down	TRUE	down	-0.8340120978260867	5.681457087010512e-6	FALSE	nonsig	TRUE	down
SELENBP1	SELENBP1	ortholog_one2one	-1.0044678389878794	2.0479767742510742e-11	FALSE	nonsig	TRUE	down	-0.804416173913043	2.032075033177438e-4	FALSE	nonsig	TRUE	down
DCLRE1B	DCLRE1B	ortholog_one2one	1.3832402434333346	4.053592018795621e-17	FALSE	nonsig	TRUE	up	0.7904796521739144	8.105567863979793e-6	FALSE	nonsig	TRUE	up
PMEPA1	PMEPA1	ortholog_one2one	-1.0322690289333345	3.822085243691082e-5	FALSE	nonsig	TRUE	down	-0.6951457971014499	4.578955531917023e-5	FALSE	nonsig	TRUE	down
GINS1	GINS1	ortholog_one2many	1.8013032872969708	3.1777639112799625e-8	TRUE	up	TRUE	up	0.70645795652173915	2.913928533761637e-8	FALSE	nonsig	TRUE	up
TTC39C	TTC39C	ortholog_one2one	-1.2713592852121232	8.015185018639219e-6	FALSE	nonsig	TRUE	down	-1.1931665217391294	0.00513991663899195	TRUE	down	TRUE	down
KRTDAP	KRTDAP	ortholog_one2one	-1.3116977111636374	1.2158777716234986e-6	FALSE	nonsig	TRUE	down	-1.4452894782608685	0.0664006470184822	FALSE	nonsig	TRUE	down
SAMSN1	SAMSN1	ortholog_one2one	1.087084594775758	3.3406111019193545e-5	FALSE	nonsig	TRUE	up	0.7451156521739125	0.01153034733496909	FALSE	nonsig	TRUE	up
LBH	LBH	ortholog_one2one	-1.438990510957578	6.509784825762549e-9	FALSE	nonsig	TRUE	down	-1.327146304347825	1.4641707061508302e-9	TRUE	down	TRUE	down
KIF4A	KIF4A	ortholog_one2one	1.0597907806000009	6.307356504213536e-4	FALSE	nonsig	TRUE	up	0.790553217391305	3.532081043601245e-7	FALSE	nonsig	TRUE	up
CD226	CD226	ortholog_one2one	-1.3448312263696984	2.285606042013284e-9	FALSE	nonsig	TRUE	down	-2.6409484782608694	7.05300196122294e-12	TRUE	down	TRUE	down
MAL2	MAL2	ortholog_one2one	1.464328785569699	3.189743270322704e-6	FALSE	nonsig	TRUE	up	0.6226465217391307	0.04327005101463968	FALSE	nonsig	TRUE	up
TNFSF8	TNFSF8	ortholog_one2one	-1.1550998374787886	3.435626652772807e-5	FALSE	nonsig	TRUE	down	-1.1534646956521737	0.00214090327317554	TRUE	down	TRUE	down
SMPX	SMPX	ortholog_one2one	1.1860551435272737	2.704512265677438e-7	FALSE	nonsig	TRUE	up	2.683541304347826	0.00181846913600401	TRUE	up	TRUE	up
OIP5	OIP5	ortholog_one2one	1.144742005442425	4.290967332932754e-7	FALSE	nonsig	TRUE	up	0.8392443478260873	3.6056714293156554e-6	FALSE	nonsig	TRUE	up
BUB1B	BUB1B	ortholog_one2one	1.8119030806121224	3.028219823490626e-7	TRUE	up	TRUE	up	2.5559249130434796	3.0932579581229255e-8	TRUE	up	TRUE	up
DLGAP5	DLGAP5	ortholog_one2one	2.2966930911515164	1.1552822062687518e-8	TRUE	up	TRUE	up	1.4142406086956525	1.4486245032254196e-5	TRUE	up	TRUE	up
HMMR	HMMR	ortholog_one2one	2.255051519433335	9.310993527790193e-9	TRUE	up	TRUE	up	0.6519357608695665	5.422322670114744e-4	FALSE	nonsig	TRUE	up
MCM2	MCM2	ortholog_one2one	1.371759070339394	5.0877819881276384e-8	FALSE	nonsig	TRUE	up	0.5546276739130436	4.437967625887691e-5	FALSE	nonsig	TRUE	up
PITPNC1	PITPNC1	ortholog_one2one	-1.005370857272728	1.6978423658092933e-7	FALSE	nonsig	TRUE	down	-1.0594743623188403	0.00479478028573892	TRUE	down	TRUE	down
STRADB	STRADB	ortholog_one2one	1.0872209119575766	3.1341681787978126e-8	FALSE	nonsig	TRUE	up	0.7665514891304358	2.706681415413053e-9	FALSE	nonsig	TRUE	up
AURKA	AURKA	ortholog_one2many	1.0748906973696977	4.7031981944744335e-4	FALSE	nonsig	TRUE	up	1.348184152173913	1.8570085664441349e-6	TRUE	up	TRUE	up
TFPI2	TFPI2	ortholog_one2one	1.0704550092272738	2.5445304340252018e-8	FALSE	nonsig	TRUE	up	1.7426991304347828	0.00151769649761372	TRUE	up	TRUE	up
TSPAN13	TSPAN13	ortholog_one2one	-1.0806002433212143	4.113910510491954e-9	FALSE	nonsig	TRUE	down	-0.8416682826086952	0.00110606878828611	FALSE	nonsig	TRUE	down
RIMKLB	RIMKLB	ortholog_one2one	-1.5505465801636389	3.775572537726225e-9	TRUE	down	TRUE	down	-0.6241007391304344	1.0598036862029706e-5	FALSE	nonsig	TRUE	down
CDCA7	CDCA7	ortholog_one2many	2.0561217541363663	4.0105077609715745e-8	TRUE	up	TRUE	up	2.1032431304347834	2.993382358718895e-8	TRUE	up	TRUE	up
ANLN	ANLN	ortholog_one2one	1.3498308522121223	1.4703797717220785e-4	FALSE	nonsig	TRUE	up	0.9892309565217398	3.2012839483953135e-5	FALSE	nonsig	TRUE	up
CCR1	CCR1	ortholog_one2one	2.1401528786181836	1.0864655358736832e-8	TRUE	up	TRUE	up	0.749703217391305	0.00627201479814353	FALSE	nonsig	TRUE	up
MME	MME	ortholog_one2one	-1.659068855981821	2.514969752533976e-4	TRUE	down	TRUE	down	-1.5643899999999993	2.0748435426057004e-4	TRUE	down	TRUE	down
SHCBP1	SHCBP1	ortholog_one2one	1.643526330345456	7.132949826005364e-5	TRUE	up	TRUE	up	2.0127292826086967	2.549522767605924e-7	TRUE	up	TRUE	up
NCAPH	NCAPH	ortholog_one2one	1.4460257417818194	3.095519707439848e-5	FALSE	nonsig	TRUE	up	1.786063391304348	1.1932395560920867e-9	TRUE	up	TRUE	up
GMDS	GMDS	ortholog_one2one	1.119184060909091	2.2436606210116092e-4	FALSE	nonsig	TRUE	up	0.7697834130434791	3.117695467321564e-7	FALSE	nonsig	TRUE	up
IL21R	IL21R	ortholog_one2one	-1.1934472750181826	1.155528439425992e-7	FALSE	nonsig	TRUE	down	-0.9970308260869564	1.4400290135805534e-7	FALSE	nonsig	TRUE	down
NUF2	NUF2	ortholog_one2one	1.3866749290000009	2.1315771656858337e-4	FALSE	nonsig	TRUE	up	1.9650798695652183	3.12757251504382e-7	TRUE	up	TRUE	up
FAR2	FAR2	ortholog_one2one	-1.171143733563638	1.832778560914491e-7	FALSE	nonsig	TRUE	down	-1.0910498260869566	1.892751280566092e-7	TRUE	down	TRUE	down
CTSO	CTSO	ortholog_one2one	1.106841160539395	5.480745229579883e-6	FALSE	nonsig	TRUE	up	1.2935202826086956	3.258930837232888e-5	TRUE	up	TRUE	up
ZWINT	ZWINT	ortholog_one2one	1.0584478963818185	8.510859824001499e-4	FALSE	nonsig	TRUE	up	0.9444672826086958	1.0064397362316834e-5	FALSE	nonsig	TRUE	up
LRRC4	LRRC4	ortholog_one2one	-1.2023978099818198	4.126149587710782e-9	FALSE	nonsig	TRUE	down	-0.8343316956521736	1.8399885501935823e-6	FALSE	nonsig	TRUE	down
CDC20	CDC20	ortholog_one2one	1.1748772536181809	9.17674348857916e-5	FALSE	nonsig	TRUE	up	1.413764652173913	4.105675884971283e-6	TRUE	up	TRUE	up
PAG1	PAG1	ortholog_one2one	-1.1202135220181837	3.050012754277631e-6	FALSE	nonsig	TRUE	down	-1.176861934782608	2.4966114924481435e-4	TRUE	down	TRUE	down
GMNN	GMNN	ortholog_one2one	1.0024814413696972	2.3930240170672492e-4	FALSE	nonsig	TRUE	up	1.168368543478261	1.5026036817436891e-6	TRUE	up	TRUE	up
TK1	TK1	ortholog_one2one	1.036259860863636	4.477148445089208e-6	FALSE	nonsig	TRUE	up	0.7419606956521744	1.538696170720156e-6	FALSE	nonsig	TRUE	up
UCHL1	UCHL1	ortholog_one2one	-1.7493891265242445	9.568171088469572e-7	TRUE	down	TRUE	down	-1.37870804347826	6.103258979960589e-5	TRUE	down	TRUE	down
DEPDC1	DEPDC1	ortholog_one2one	1.445839890687879	9.073938608383918e-6	FALSE	nonsig	TRUE	up	1.171985826086957	6.350564204892853e-7	TRUE	up	TRUE	up
HERC5	HERC5	ortholog_one2one	1.4893176215393964	1.7751857597603181e-07	FALSE	nonsig	TRUE	up	1.444701043478261	0.0046561365030849	TRUE	up	TRUE	up
SSBP2	SSBP2	ortholog_one2one	-1.088583962757577	1.1832267827154671e-8	FALSE	nonsig	TRUE	down	-1.4258654202898542	2.161426344128844e-6	TRUE	down	TRUE	down
SAE1	SAE1	ortholog_one2one	1.1986645462666672	1.5736348975404448e-7	FALSE	nonsig	TRUE	up	0.8770272898550736	2.8180209216152034e-8	FALSE	nonsig	TRUE	up
NETO2	NETO2	ortholog_one2one	1.1702382422666666	2.349033796764159e-6	FALSE	nonsig	TRUE	up	0.7944312173913043	0.00464288446445737	FALSE	nonsig	TRUE	up
P2RY12	P2RY12	ortholog_one2one	-1.2901598419606084	8.057893669771206e-4	FALSE	nonsig	TRUE	down	-0.6414921304347821	0.01963327079631695	FALSE	nonsig	TRUE	down
THBS2	THBS2	ortholog_one2one	1.6849949102848496	1.5027699825296488e-8	TRUE	up	TRUE	up	0.8013960434782617	0.02464700309106238	FALSE	nonsig	TRUE	up
NCF2	NCF2	ortholog_one2one	1.4777103261212128	2.809796125019189e-7	FALSE	nonsig	TRUE	up	0.9470567971014504	6.948269211033818e-5	FALSE	nonsig	TRUE	up
DNER	DNER	ortholog_one2one	-2.062266747987881	1.9905070129006613e-5	TRUE	down	TRUE	down	-0.985802	0.00146046763103417	FALSE	nonsig	TRUE	down
RRM2	RRM2	ortholog_one2one	1.0147875111727274	0.00338911532919257	FALSE	nonsig	TRUE	up	1.4212993913043472	5.683719129726191e-5	TRUE	up	TRUE	up
